Noun,Frequency,English
人,194914.0,people
事,97710.0,thing
时候,52176.0,when
先生,46864.0,gentlemen
话,39887.0,talk
东西,37700.0,thing
孩子,37243.0,child
问题,33364.0,question
时间,30703.0,time
钱,29217.0,money
事情,28176.0,matter
朋友,26017.0,friend
妈妈,25730.0,mother
车,23909.0,car
地方,23358.0,place
爸爸,21930.0,dad
点,21747.0,point
意思,19217.0,mean
电话,18374.0,telephone
妈,18110.0,mom
家,17759.0,home
医生,15679.0,doctor
伙计,15063.0,man
手,14984.0,hand
感觉,14785.0,feel
上帝,14605.0,god
女人,14388.0,woman
名字,14335.0,name
家伙,13846.0,guy
女孩,13197.0,girl
父亲,12399.0,father
宝贝,11950.0,baby
狗,11808.0,dog
枪,11743.0,gun
世界,11721.0,world
男人,11608.0,man
机会,11571.0,chance
小时,11455.0,hour
天,11357.0,sky
警察,11176.0,police
儿子,11100.0,son
情况,10673.0,condition
女士,10544.0,miss
关系,10485.0,relation
公司,10046.0,company
月,9473.0,moon
爸,9154.0,dad
心,8955.0,heart
照片,8687.0,photo
头,8664.0,head
兄弟,8631.0,brother
嘴,8513.0,mouth
计划,8465.0,plan
女儿,8450.0,daughter
小姐,8423.0,miss
消息,8346.0,information
门,8338.0,door
房子,8223.0,house
衣服,8130.0,clothing
办法,8059.0,way
人们,7990.0,people
原因,7829.0,reason
水,7581.0,water
混蛋,7572.0,asshole
学校,7502.0,school
队,7411.0,team
电影,7249.0,movie
房间,7208.0,room
球,7121.0,ball
书,7116.0,book
路,6904.0,road
结果,6902.0,result
长官,6780.0,sir
律师,6747.0,lawyer
故事,6551.0,story
可能,6548.0,possible
妻子,6494.0,wife
床,6493.0,bed
案子,6413.0,case
酒,6338.0,liquor
歌,6285.0,song
节目,6253.0,programme
母亲,6195.0,mother
主意,6144.0,idea
丈夫,6115.0,husband
马,5985.0,horse
生命,5898.0,life
办公室,5882.0,office
游戏,5685.0,game
眼睛,5673.0,eye
国家,5576.0,nation
信,5559.0,letter
总统,5549.0,president
声音,5523.0,sound
医院,5391.0,hospital
样子,5337.0,appearance
证据,5118.0,evidence
夫人,5082.0,lady
父母,5081.0,parents
事实,5029.0,fact
飞机,5020.0,airplane
家庭,5017.0,family
尸体,4994.0,corpse
脸,4961.0,face
玩笑,4933.0,joke
任务,4929.0,task
博士,4881.0,phd
小子,4818.0,boy
错,4817.0,wrong
电视,4816.0,television
药,4788.0,medicine
男孩,4779.0,boy
音乐,4776.0,music
身体,4764.0,body
血,4749.0,blood
方式,4711.0,way
监狱,4671.0,prison
想法,4563.0,idea
老兄,4467.0,dude
大学,4455.0,university
太太,4432.0,mrs
店,4293.0,shop
船,4243.0,boat
派对,4231.0,party
咖啡,4195.0,coffee
方法,4174.0,method
能力,4136.0,ability
目标,4123.0,target
精神,4099.0,spirit
法,4093.0,law
凶手,4064.0,murderer
礼物,3988.0,gift
梦,3964.0,dream
头发,3955.0,hair
兴趣,3922.0,interest
情,3911.0,affection
系统,3910.0,system
命,3886.0,life
老师,3879.0,teacher
花,3861.0,flower
小孩,3859.0,child
人类,3857.0,human
星期,3837.0,week
鬼,3827.0,ghost
屁股,3804.0,butt
生日,3800.0,birthday
报告,3781.0,report
姑娘,3765.0,girl
钥匙,3751.0,key
法官,3749.0,judge
腿,3747.0,leg
选手,3732.0,player
信息,3725.0,information
气,3703.0,gas
哥哥,3700.0,elder brother
神,3681.0,god
脚,3677.0,foot
武器,3654.0,arms
手机,3634.0,cell phone
个人,3597.0,personal
楼,3580.0,building
意义,3580.0,significance
线,3571.0,wire
理由,3570.0,reason
政府,3549.0,government
生意,3546.0,business
病,3545.0,sick
猫,3515.0,cat
事儿,3489.0,thing
白痴,3446.0,idiot
新闻,3441.0,news
地,3414.0,land
病人,3414.0,patient
处,3398.0,at
行为,3396.0,behavior
婚礼,3381.0,wedding
弟弟,3376.0,younger brother
老板,3349.0,boss
城市,3349.0,city
舞,3348.0,dance
词,3331.0,word
老婆,3320.0,wife
中心,3318.0,center
好运,3289.0,good luck
线索,3267.0,clue
妹妹,3262.0,younger sister
位置,3253.0,location
火,3231.0,fire
街,3219.0,street
电脑,3210.0,computer
区,3198.0,district
错误,3153.0,mistake
力量,3150.0,strength
号码,3136.0,number
日子,3136.0,day
战争,3095.0,war
秘密,3076.0,secret
真相,3046.0,the truth
法律,3044.0,law
方面,3015.0,aspect
银行,3003.0,bank
卡,2999.0,card
警官,2978.0,police officer
酒吧,2968.0,bar
身份,2954.0,identity
岛,2950.0,island
模特,2949.0,model
学生,2942.0,student
鸡,2931.0,chicken
动作,2899.0,action
家人,2875.0,family
演员,2871.0,actor
手术,2856.0,operation
人生,2852.0,life
婊子,2829.0,bitch
舞蹈,2814.0,dance
答案,2801.0,answer
大人,2784.0,grown ups
部分,2782.0,part
人员,2781.0,personnel
英雄,2779.0,hero
事件,2774.0,event
罪,2760.0,crime
决定,2738.0,decide
意见,2726.0,opinion
公寓,2706.0,apartment
文件,2698.0,document
意识,2698.0,consciousness
光,2694.0,light
面,2686.0,noodle
命令,2683.0,order
雷,2668.0,thunder
姐姐,2655.0,elder sister
女朋友,2641.0,girlfriend
动物,2636.0,animal
蛋,2584.0,egg
字,2572.0,character
建议,2571.0,suggestion
责任,2569.0,responsibility
食物,2561.0,food
杀手,2559.0,killer
证人,2545.0,witness
压力,2541.0,pressure
味道,2534.0,smell
鱼,2532.0,fish
室,2526.0,room
私人,2515.0,private
观众,2503.0,audience
子弹,2488.0,bullet
垃圾,2485.0,rubbish
叔叔,2485.0,uncle
男朋友,2478.0,boy friend
钟,2477.0,bell
毒品,2473.0,poison
局,2465.0,bureau
组织,2463.0,organize
肉,2456.0,meat
感情,2446.0,emotion
一生,2437.0,lifetime
明星,2434.0,star
城,2428.0,city
灵魂,2425.0,soul
房,2414.0,house
晚餐,2408.0,dinner
角色,2403.0,role
脑子,2401.0,brain
梦想,2395.0,dream
杂志,2395.0,magazine
汽车,2373.0,car
票,2373.0,ticket
广告,2357.0,advertise
哥们,2356.0,dude
笨蛋,2345.0,fool
玩意,2334.0,stuff
鞋,2332.0,shoe
屁,2332.0,fart
历史,2325.0,history
法庭,2322.0,court
俱乐部,2317.0,club
啤酒,2310.0,beer
地球,2293.0,earth
受害者,2288.0,victim
组,2277.0,group
刀,2270.0,knife
炸弹,2268.0,bomb
联邦,2261.0,federal
记录,2257.0,record
评委,2253.0,judges
信号,2250.0,signal
眼,2236.0,eye
代表,2233.0,represent
星,2227.0,star
课,2226.0,class
山,2213.0,mountain
名单,2212.0,list
公园,2206.0,garden
部落,2197.0,tribe
资料,2191.0,material
婚姻,2187.0,marriage
力,2177.0,force
教堂,2176.0,church
鸟,2172.0,bird
皮,2171.0,skin
客户,2168.0,client
脑袋,2165.0,head
方向,2156.0,direction
心理,2152.0,psychology
疯子,2143.0,madman
将军,2138.0,general
技术,2136.0,technology
乐队,2126.0,band
高中,2125.0,high school
州,2116.0,state
记忆,2106.0,memory
牌,2091.0,card
成员,2088.0,member
女性,2080.0,female
权利,2079.0,right
黑人,2073.0,black person
警方,2071.0,police
交易,2070.0,trade
老天,2063.0,god
酒店,2061.0,hotel
时刻,2055.0,time
画,2052.0,painting
冠军,2047.0,champion
教练,2043.0,coach
对方,2036.0,other side
敌人,2031.0,enemy
人物,2014.0,figure
头儿,2013.0,boss
猪,2011.0,pig
根本,1989.0,fundamental
蛋糕,1987.0,cake
树,1985.0,tree
死者,1984.0,deceased
傻瓜,1981.0,fool
职业,1965.0,profession
菜,1963.0,vegetable
地址,1959.0,address
口,1953.0,mouth
地狱,1951.0,hell
好事,1947.0,good thing
客人,1939.0,guest
状态,1938.0,state
戏,1923.0,play
会议,1918.0,meeting
队伍,1914.0,team
舞台,1911.0,stage
奶奶,1910.0,grandmother
爱情,1906.0,love
搭档,1903.0,partner
教授,1897.0,professor
现实,1897.0,reality
要求,1890.0,require
指纹,1879.0,fingerprint
娘,1874.0,mother
同志,1873.0,comrade
偶像,1873.0,idol
裤子,1871.0,pants
军队,1870.0,army
侦探,1868.0,detective
需要,1856.0,need
实验室,1853.0,laboratory
活,1850.0,live
通知,1848.0,notify
状况,1838.0,situation
目的,1835.0,purpose
恶魔,1834.0,demon
心脏,1830.0,heart
舞会,1826.0,prom
家族,1822.0,family
风,1818.0,wind
饭,1813.0,meal
脑,1812.0,brain
号,1806.0,number
社会,1805.0,society
邻居,1803.0,neighbor
生气,1800.0,angry
国王,1798.0,king
好人,1798.0,good guy
哥,1798.0,elder brother
关键,1791.0,key
屎,1787.0,shit
希望,1784.0,hope
陪审团,1784.0,jury
项目,1783.0,project
实话,1780.0,truth
表情,1778.0,expression
好处,1776.0,benefit
海,1770.0,ocean
吸血鬼,1770.0,vampire
班,1765.0,class
官,1764.0,official
印象,1758.0,impression
牛,1755.0,ox
利,1751.0,profit
地点,1746.0,place
经理,1745.0,manager
作用,1736.0,effect
小伙子,1734.0,young man
天使,1733.0,angel
队长,1731.0,team leader
专家,1727.0,expert
旅馆,1722.0,hostel
保险,1717.0,insurance
经历,1714.0,experience
风格,1713.0,style
报纸,1710.0,newspaper
机器,1709.0,machine
颜色,1703.0,color
时光,1700.0,time
记者,1699.0,reporter
价值,1697.0,value
巧克力,1693.0,chocolate
女生,1689.0,girl
墙,1687.0,wall
厕所,1682.0,bathroom
权,1676.0,right
约会,1675.0,dating
过程,1673.0,process
人民,1661.0,people
命运,1656.0,destiny
小组,1655.0,group
分子,1649.0,molecular
点儿,1645.0,a little bit
白人,1643.0,white people
灯,1643.0,lamp
桌子,1641.0,table
机场,1634.0,airport
事业,1634.0,cause
爷爷,1625.0,grandfather
厨房,1623.0,kitchen
专业,1615.0,major
晚饭,1613.0,dinner
年代,1611.0,era
士兵,1611.0,soldier
心情,1605.0,feeling
屋子,1602.0,room
特工,1586.0,agent
镇,1586.0,town
冰,1582.0,ice
戒指,1582.0,ring
案件,1578.0,case
奖,1577.0,award
条件,1576.0,condition
作品,1575.0,work
档案,1568.0,file
饼,1561.0,cake
德,1559.0,virtue
规则,1558.0,rule
队员,1554.0,team member
帽子,1553.0,hat
电,1551.0,electricity
协议,1551.0,protocol
尿,1550.0,urine
司机,1550.0,driver
米,1545.0,rice
时代,1544.0,era
神父,1539.0,priest
规矩,1534.0,rule
火车,1533.0,train
糖,1530.0,sugar
卡车,1530.0,truck
部门,1526.0,department
出租车,1522.0,taxi
代价,1520.0,cost
地区,1519.0,area
天堂,1518.0,heaven
年轻人,1516.0,young people
主人,1515.0,owner
洞,1510.0,hole
大街,1506.0,main street
箱子,1505.0,box
密码,1491.0,password
红色,1491.0,red
骗子,1489.0,fraud
货,1486.0,goods
空间,1485.0,space
认识,1485.0,know
油,1478.0,oil
盒子,1463.0,box
经验,1462.0,experience
大脑,1461.0,brain
看法,1461.0,view
罪犯,1459.0,criminal
星球,1454.0,planet
程序,1449.0,program
情报,1449.0,intelligence
无辜,1449.0,innocent
情绪,1446.0,mood
怪物,1446.0,monster
内心,1444.0,heart
暴力,1440.0,violence
录像,1439.0,video
事故,1437.0,accident
艺术,1436.0,art
速度,1433.0,speed
神经,1433.0,nerve
道,1426.0,road
数字,1425.0,number
范围,1423.0,scope
太阳,1419.0,sun
午饭,1418.0,lunch
午餐,1416.0,lunch
歌曲,1411.0,song
婴儿,1409.0,baby
笑话,1407.0,joke
石头,1405.0,stone
屋,1401.0,room
细节,1400.0,detail
道理,1397.0,reason
船长,1396.0,captain
上校,1395.0,colonel
歌手,1395.0,singer
运气,1394.0,luck
餐厅,1392.0,dining room
同事,1392.0,colleague
烟,1392.0,cigarette
美女,1389.0,beauty
丝,1379.0,silk
团队,1377.0,team
鼻子,1374.0,nose
窗户,1367.0,window
奇迹,1366.0,miracle
护士,1365.0,nurse
空气,1365.0,air
表,1364.0,surface
台,1358.0,tower
媒体,1357.0,media
毒,1356.0,poison
纸,1351.0,paper
节,1351.0,festival
姐妹,1340.0,sisters
市,1338.0,city
政治,1337.0,politics
魔鬼,1335.0,devil
内容,1332.0,content
宝宝,1330.0,baby
蓝色,1323.0,blue
对手,1321.0,opponent
鬼魂,1321.0,ghost
牧师,1318.0,priest
年级,1317.0,grade
杂种,1316.0,hybrid
环境,1316.0,environment
雨,1311.0,rain
变态,1310.0,abnormal
警长,1309.0,sheriff
受害人,1305.0,victim
废话,1300.0,nonsense
效果,1299.0,effect
伤口,1299.0,wound
魔法,1291.0,magic
现金,1288.0,cash
儿童,1286.0,child
间谍,1279.0,spy
检察官,1279.0,prosecutor
脖子,1279.0,neck
玩具,1276.0,toy
女孩子,1274.0,girl
机器人,1272.0,robot
科,1269.0,division
省,1267.0,province
天气,1260.0,weather
态度,1256.0,manner
支票,1249.0,cheque
早餐,1247.0,breakfast
理论,1240.0,theory
生物,1240.0,biology
年纪,1237.0,age
角度,1237.0,angle
老鼠,1234.0,mouse
距离,1231.0,distance
男友,1230.0,boyfriend
大楼,1226.0,building
妓女,1224.0,prostitute
商店,1224.0,shop
能量,1222.0,energy
牙,1221.0,tooth
公主,1219.0,princess
包,1216.0,bag
单身,1214.0,single
传统,1212.0,tradition
女王,1210.0,queen
地图,1206.0,map
药物,1202.0,drug
狼,1202.0,wolf
面包,1201.0,bread
伙伴,1200.0,partner
女友,1200.0,girlfriend
世纪,1199.0,century
大麻,1198.0,marijuana
邮件,1195.0,mail
茶,1186.0,tea
椅子,1184.0,chair
鞋子,1183.0,shoe
陛下,1183.0,his majesty
血液,1182.0,blood
上尉,1175.0,captain
规定,1174.0,regulation
谎言,1172.0,lie
报,1171.0,newspaper
耳朵,1171.0,ear
葬礼,1170.0,funeral
机构,1167.0,mechanism
委员会,1167.0,committee
和平,1167.0,peace
程度,1163.0,degree
王,1163.0,king
裙子,1163.0,skirt
钻石,1162.0,diamond
全国,1157.0,nationwide
议员,1157.0,mp
餐馆,1156.0,restaurant
皮肤,1153.0,skin
部队,1152.0,force
全世界,1149.0,worldwide
权力,1148.0,that power
棒球,1147.0,baseball
装置,1146.0,device
熊,1146.0,bear
图,1140.0,picture
痕迹,1139.0,trace
河,1135.0,river
习惯,1133.0,habit
玻璃,1133.0,glass
数据,1133.0,data
区域,1133.0,area
镜头,1132.0,lens
勇气,1132.0,courage
员工,1129.0,staff
联盟,1127.0,alliance
本,1125.0,book
基地,1123.0,base
土地,1121.0,land
保姆,1119.0,nanny
注意力,1117.0,attention
时尚,1111.0,fashion
病毒,1110.0,virus
文章,1110.0,article
海滩,1109.0,beach
借口,1107.0,excuse
阳光,1107.0,sunlight
设备,1107.0,equipment
站,1106.0,stand
天赋,1105.0,talent
神像,1102.0,idol
医疗,1101.0,medical
激情,1099.0,passion
语言,1099.0,language
车子,1098.0,car
阁下,1095.0,your mightiness
提要,1088.0,feed
对象,1087.0,object
根,1085.0,root
重点,1084.0,focus
魅力,1084.0,charm
标准,1084.0,standard
助手,1084.0,assistant
话题,1080.0,topic
市场,1078.0,market
桥,1074.0,bridge
犹太人,1070.0,jewish
摇滚,1070.0,rock
王子,1070.0,prince
饼干,1064.0,biscuit
证,1062.0,certificate
科学,1058.0,science
说法,1058.0,statement
国际,1057.0,internationality
仪式,1057.0,ceremony
谋杀案,1053.0,murder
信心,1053.0,confidence
爵士,1050.0,jazz
癌症,1050.0,cancer
老公,1047.0,husband
剑,1047.0,sword
骨头,1045.0,bone
工具,1045.0,tool
男生,1042.0,boys
市长,1042.0,mayor
犯人,1040.0,prisoner
海军,1039.0,navy
名人,1039.0,celebrity
天才,1037.0,genius
结局,1036.0,ending
合同,1034.0,contract
小家伙,1034.0,little guy
人人,1031.0,everyone
伤,1031.0,hurt
肚子,1030.0,abdomen
车祸,1030.0,car accident
信用卡,1029.0,credit card
笔,1026.0,pen
电梯,1025.0,elevator
礼拜,1023.0,worship
蛇,1023.0,snake
三明治,1023.0,sandwich
动机,1023.0,motivation
黑色,1021.0,black
同学,1018.0,classmate
警报,1016.0,alarm
龙,1016.0,dragon
人质,1014.0,hostage
姿势,1010.0,posture
区别,1009.0,the difference
宇宙,1009.0,universe
自然,1007.0,nature
卧室,1006.0,bedroom
剧本,1005.0,script
手指,1004.0,finger
资格,999.0,qualifications
作家,998.0,writer
教训,998.0,lesson
被告,997.0,defendant
钱包,997.0,wallet
留言,997.0,message
贱人,996.0,bitch
汤,994.0,soup
粉丝,994.0,fan
工厂,992.0,factory
幻想,989.0,fantasy
手段,988.0,means
顾客,987.0,customer
农场,986.0,farm
网络,985.0,network
时机,982.0,opportunity
毛病,982.0,wrong
口袋,981.0,pocket
工,980.0,work
嫌犯,978.0,suspect
行李,977.0,luggage
观点,975.0,point of view
地板,974.0,floor
小丑,972.0,clown
年龄,971.0,age
小说,971.0,novel
雪,968.0,snow
建筑,966.0,architecture
社区,963.0,community
助理,962.0,assistant
布,960.0,cloth
交通,959.0,transportation
思想,956.0,thought
骑士,955.0,knight
唱片,955.0,record
洗手间,955.0,toilet
圣诞老人,953.0,santa claus
公路,942.0,highway
饮料,942.0,drinks
主题,941.0,theme
海盗,941.0,pirate
幸存者,940.0,survivor
塔,940.0,tower
牙齿,937.0,teeth
版,936.0,version
主任,935.0,director
头脑,935.0,mind
直升机,934.0,helicopter
校长,932.0,headmaster
波,931.0,wave
性感,930.0,sexy
一团糟,930.0,a mess
剧,929.0,drama
坏人,925.0,bad guy
物品,925.0,thing
眼神,920.0,eyes
格,919.0,grid
虫,919.0,insect
财产,918.0,property
水平,913.0,level
发型,911.0,hairstyle
服装,910.0,clothing
风险,908.0,risk
沙发,908.0,sofa
后果,906.0,as a result of
个性,906.0,personality
男性,904.0,male
国,904.0,country
中尉,902.0,lieutenant
卫星,901.0,satellite
电子,892.0,electronic
经济,891.0,economy
娃娃,891.0,baby
猴子,891.0,monkey
学院,889.0,college
座位,889.0,seat
夫妇,889.0,couple
牛奶,888.0,milk
损失,887.0,loss
同时,887.0,at the same time
声,887.0,voice
新娘,885.0,bride
类型,884.0,type
金属,882.0,metal
绿色,882.0,green
铁,882.0,iron
航班,881.0,flight
库,880.0,library
白色,880.0,white
小镇,879.0,small town
精力,879.0,energy
产品,879.0,product
兵,879.0,soldiers
老朋友,878.0,old friend
坏事,875.0,bad thing
法院,874.0,court
宗教,871.0,religion
蠢货,871.0,idiot
内裤,867.0,underwear
外套,865.0,coat
大事,865.0,event
经纪人,859.0,broker
停车场,858.0,parking lot
奶酪,854.0,cheese
陌生人,853.0,stranger
讲话,851.0,speech
军,850.0,military
地下室,850.0,basement
数,849.0,number
衬衫,848.0,shirt
金发,847.0,blond
胳膊,846.0,arm
礼,845.0,present
哥们儿,845.0,dude
疾病,843.0,disease
战士,842.0,warrior
公众,842.0,public
心脏病,842.0,heart disease
职责,842.0,responsibilities
诗,839.0,poetry
证词,837.0,testimony
调查局,836.0,bureau of investigation
森林,836.0,forest
手臂,834.0,arm
当事人,833.0,party
楼梯,832.0,stairs
背景,831.0,background
救护车,828.0,ambulance
拳,827.0,fist
西德,827.0,west germany
事务所,825.0,office
湖,825.0,lake
灾难,825.0,disaster
参议员,823.0,senator
正义,823.0,justice
网站,823.0,website
局长,822.0,director
凶器,822.0,murder weapon
成绩,821.0,score
所在,819.0,location
网,818.0,net
喜剧,817.0,comedy
殿下,816.0,your highness
荣誉,815.0,honor
设计师,814.0,designer
阶段,813.0,stage
牛仔,810.0,cowboy
香槟,810.0,champagne
艺术家,808.0,artist
关,806.0,close
技巧,806.0,skill
情感,805.0,emotion
中央,804.0,central
团,804.0,group
罪名,802.0,crime
街区,802.0,neighborhood
频道,801.0,channel
时期,800.0,period
物质,800.0,substance
眼镜,799.0,glasses
音,799.0,sound
屋顶,798.0,roof
愿望,798.0,desire
事物,797.0,thing
兔子,797.0,rabbit
绳子,795.0,rope
圣经,794.0,bible
可能性,794.0,possibility
血迹,793.0,blood stains
总部,793.0,headquarters
美味,793.0,tasty
传说,793.0,legend
阿姨,792.0,aunt
部,792.0,department
主角,791.0,main character
警察局,790.0,police station
全球,790.0,worldwide
形象,790.0,image
胡子,788.0,beard
小妞,787.0,chick
橄榄球,787.0,football
大哥,787.0,big brother
外星人,786.0,alien
走廊,785.0,corridor
症状,783.0,symptom
制服,781.0,uniform
肌肉,780.0,muscle
宝,780.0,precious
科学家,779.0,the scientist
一面,778.0,one side
噩梦,777.0,nightmare
心灵,776.0,soul
道德,775.0,morality
奶,774.0,milk
镜子,772.0,mirror
情人,770.0,lover
经典,770.0,classic
活力,770.0,vitality
图书馆,768.0,library
死刑,768.0,death penalty
袋子,766.0,bag
苹果,766.0,apple
傻子,766.0,fool
浴室,765.0,bathroom
胸部,765.0,chest
领导,761.0,lead
传奇,759.0,legend
障碍,757.0,obstacle
顾问,757.0,consultant
角,756.0,horn
作业,756.0,operation
危机,756.0,crisis
博物馆,755.0,museum
摄像机,754.0,camera
文化,752.0,culture
飞船,751.0,spaceship
主义,749.0,doctrine
摄影师,747.0,photographer
营地,746.0,camp
指挥官,745.0,commander
大厅,744.0,hall
花园,744.0,garden
豁免权,743.0,immunity
草,743.0,grass
威士忌,742.0,whisky
天空,741.0,sky
冰箱,739.0,refrigerator
万岁,738.0,long live
合伙人,738.0,partner
视频,738.0,video
治安,737.0,law and order
全身,737.0,whole body
外科,736.0,surgical
钢琴,736.0,piano
女郎,736.0,girl
数学,735.0,math
篮球,734.0,basketball
材料,732.0,material
诊所,732.0,clinic
身材,729.0,figure
海岸,727.0,coastal
直觉,726.0,intuition
废物,722.0,waste
绅士,721.0,gentleman
虫子,721.0,insect
台词,720.0,lines
公民,719.0,citizen
地盘,719.0,territory
鸡蛋,719.0,egg
摄像头,717.0,camera
造型,717.0,modeling
孩儿,717.0,baby
小姑娘,714.0,little girl
嫌疑犯,713.0,suspect
迹象,713.0,sign
航空,712.0,aviation
探长,712.0,inspector
仓库,711.0,storehouse
码头,710.0,pier
吉他,710.0,guitar
标记,708.0,mark
女子,706.0,woman
镇上,705.0,town
自行车,704.0,bike
郡,703.0,county
狗屁,701.0,bullshit
蜘蛛,701.0,spider
羊,697.0,sheep
封面,697.0,cover
针,695.0,needle
城堡,695.0,castle
疑犯,693.0,suspect
杀人犯,693.0,murderer
奴隶,692.0,slave
乡村,691.0,rural
功夫,691.0,effort
嘴巴,689.0,mouth
圈,689.0,lock up
老大,689.0,boss
幻觉,689.0,hallucination
大道,688.0,avenue
黑帮,687.0,gangster
样本,687.0,sample
肩膀,686.0,shoulder
悲剧,685.0,tragedy
膝盖,683.0,knee
引擎,683.0,engine
日记,681.0,journal
医学,681.0,medicine
食品,680.0,food
商业,680.0,business
运动员,680.0,athlete
沙漠,677.0,desert
手套,676.0,gloves
色情,675.0,pornography
种族,675.0,race
课程,673.0,course
萝,672.0,radish
舌头,672.0,tongue
字母,672.0,letter
家长,672.0,parents
胖子,671.0,fat man
项链,670.0,necklace
乐趣,670.0,pleasure
面具,669.0,mask
电视台,668.0,tv station
保安,668.0,security guard
我家,668.0,my home
薪水,667.0,salary
资金,663.0,funds
标志,663.0,logo
原则,663.0,in principle
妹,663.0,sister
室友,663.0,roommate
玉米,661.0,corn
基因,661.0,gene
上司,661.0,boss
宠物,660.0,pet
晚会,660.0,party
广场,659.0,square
纪录,659.0,record
职位,658.0,position
黄色,658.0,yellow
星星,657.0,star
掌,656.0,palm
大夫,654.0,doctor
基金,652.0,fund
球队,652.0,team
友谊,651.0,friendship
王八,649.0,bastard
大会,648.0,general assembly
表面,648.0,surface
位子,648.0,seat
智慧,647.0,wisdom
主席,647.0,president
饭店,645.0,restaurant
漫画,645.0,comics
性爱,645.0,sex
灵感,645.0,inspiration
沙,643.0,sand
囚犯,642.0,prisoner
角落,641.0,corner
大师,640.0,master
气氛,640.0,atmosphere
策略,639.0,strategy
老头,639.0,old man
主,639.0,host
脾气,639.0,temper
碎片,639.0,fragments
价格,639.0,price
坏蛋,638.0,bad guy
妳,638.0,you
亲爱的,638.0,honey
马克,637.0,mark
货车,636.0,truck
独舞,635.0,dance solo
馅饼,635.0,pie
优势,635.0,advantages
黄金,635.0,gold
性格,635.0,character
流氓,635.0,rogue
贼,634.0,thief
小孩子,633.0,child
夫妻,632.0,couple
皇后,631.0,queen
金钱,630.0,money
老人,630.0,elder
方案,629.0,plan
利益,628.0,benefit
树林,628.0,forest
劲,627.0,strength
军事,625.0,military
集团,625.0,group
地铁,625.0,subway
道路,625.0,the way
结论,623.0,in conclusion
体育,623.0,physical education
鲨鱼,623.0,shark
乘客,623.0,passenger
价钱,622.0,price
人群,622.0,crowd
通道,622.0,aisle
动力,621.0,power
土,620.0,earth
性命,619.0,life
工人,617.0,worker
手枪,617.0,pistol
啰,616.0,hello
协会,616.0,association
喉咙,615.0,throat
装备,613.0,equipment
足球,613.0,football
超人,613.0,superman
措施,613.0,measure
费,612.0,fee
化学,610.0,chemical
人选,609.0,candidates
少校,609.0,major
场景,608.0,scene
飞行员,608.0,pilot
一家,606.0,family
费用,605.0,cost
火灾,605.0,fire
大门,604.0,door
胃,604.0,stomach
党,603.0,party
运动,601.0,sports
工资,601.0,salary
科技,601.0,science and technology
性,601.0,sex
点子,601.0,idea
路线,600.0,route
来源,600.0,source
妇女,600.0,women
地毯,599.0,carpet
陷阱,599.0,trap
宴会,598.0,banquet
成就,595.0,achievement
警卫,595.0,guard
剧院,594.0,theater
器,592.0,device
人士,592.0,person
水果,591.0,fruit
局里,591.0,bureau
创意,589.0,creativity
珠宝,589.0,jewelry
器官,588.0,organ
玫瑰,588.0,rose
罪行,587.0,offense
失败者,587.0,loser
前妻,587.0,ex-wife
活儿,586.0,work
男子,586.0,man
时装,586.0,fashion
罪恶,586.0,sin
阴谋,584.0,conspiracy
魔术,582.0,magic
欲望,582.0,desire
蜜蜂,581.0,bee
实力,581.0,strength
精灵,581.0,elf
处境,579.0,situation
题,579.0,question
礼服,579.0,dress
专辑,578.0,album
祖母,577.0,grandmother
老爹,577.0,dad
福,576.0,blessing
保险箱,576.0,safe
西装,576.0,suit
电台,575.0,radio
护照,574.0,passport
生涯,574.0,career
知识,573.0,knowledge
理智,573.0,reason
小偷,572.0,thief
球员,572.0,player
领袖,572.0,leader
成年人,570.0,adult
节日,570.0,festival
深呼吸,570.0,take a deep breath
硬币,570.0,coin
信仰,569.0,belief
热狗,568.0,hot dog
奖金,568.0,bonus
旅程,568.0,journey
包裹,567.0,pack
末日,567.0,end
糖果,567.0,candy
目击者,567.0,eyewitness
片子,567.0,movie
地面,566.0,ground
肺,565.0,lung
量,565.0,quantity
院,563.0,hospital
拳击,563.0,boxing
毛,563.0,hair
毒气,563.0,poison gas
修女,562.0,nun
评论,560.0,comment
录像带,559.0,video tape
灯光,559.0,light
编辑,559.0,edit
指甲,559.0,nail
酱,558.0,sauce
冰淇淋,557.0,ice cream
厂,556.0,factory
夹克,555.0,jacket
人口,555.0,population
机密,554.0,confidential
帮派,554.0,gang
隐私,554.0,privacy
内衣,553.0,underwear
功能,553.0,function
象,552.0,elephant
口音,552.0,accent
品牌,551.0,brand
碗,551.0,bowl
虎,550.0,tiger
嫌疑人,549.0,suspect
相机,548.0,camera
声明,548.0,statement
汗,548.0,sweat
委托人,547.0,client
毒贩,547.0,drug dealer
老弟,547.0,brother
车站,545.0,station
秘书,545.0,secretary
环节,545.0,link
同伴,545.0,companion
全体,544.0,all
啦啦队,542.0,cheerleading
怪兽,542.0,monster
帝国,541.0,empire
使命,541.0,mission
杯子,541.0,cup
基础,541.0,base
酒精,540.0,alcohol
收入,540.0,income
场合,540.0,occasion
画面,539.0,picture
部长,539.0,minister
模型,539.0,model
幽灵,539.0,ghost
游泳池,539.0,swimming pool
恶梦,538.0,nightmare
牛肉,538.0,beef
车库,536.0,garage
通讯,536.0,communication
盘子,535.0,plate
名义,533.0,name
赌场,533.0,casino
力气,532.0,strength
官司,532.0,lawsuit
闪电,531.0,lightning
料,526.0,material
火箭,526.0,rocket
袜子,525.0,sock
做法,524.0,practice
社交,523.0,social contact
沙滩,523.0,beach
入口,522.0,entrance
团体,522.0,group
轮胎,522.0,tire
眼泪,521.0,tears
村,521.0,village
日期,520.0,date
战场,520.0,battlefield
摩托车,520.0,motorcycle
无线电,519.0,radio
鹿,519.0,deer
嘴唇,518.0,lips
形式,518.0,form
现象,517.0,phenomenon
怪人,517.0,wack
头部,516.0,head
领域,516.0,field
双胞胎,516.0,twin
玩偶,516.0,doll
清单,516.0,checklist
电池,514.0,battery
笑容,514.0,smile
价,514.0,price
厅,514.0,hall
居民,514.0,resident
蜡烛,513.0,candle
亲人,513.0,relatives
家乡,513.0,hometown
棺材,512.0,coffin
精神病,512.0,mental illness
可卡因,512.0,cocaine
意志,511.0,will
香,511.0,fragrant
情形,511.0,situation
所,511.0,place
前途,511.0,future
牛排,511.0,steak
手表,511.0,watch
领带,511.0,tie
立场,511.0,position
隧道,510.0,tunnel
导弹,510.0,missile
野兽,509.0,beast
本事,509.0,ability
肥,509.0,fat
爱人,508.0,spouse
指示,508.0,instruct
未婚妻,507.0,fiancée
双手,507.0,hands
巫师,506.0,wizard
石油,505.0,oil
理,504.0,reason
老天爷,503.0,god
奶油,503.0,cream
耳,503.0,ear
姓名,503.0,name
瓶子,502.0,bottle
叛徒,502.0,traitor
资源,502.0,resource
模式,501.0,model
鸡肉,500.0,chicken
教师,500.0,teacher
风暴,499.0,storm
中士,499.0,sergeant
外表,498.0,appearance
法医,497.0,forensic
小事,497.0,trivial matter
国会,495.0,congress
房租,495.0,rent
数据库,494.0,database
腰,493.0,waist
街道,492.0,street
医师,491.0,physician
大海,491.0,sea
成人,490.0,aldult
白宫,490.0,white house
实验,489.0,experiment
女神,489.0,goddess
胆小鬼,488.0,coward
节奏,488.0,rhythm
亲戚,487.0,relative
歌词,487.0,lyrics
高尔夫,487.0,golf
瓦,487.0,watt
泥,487.0,mud
枕头,487.0,pillow
香水,487.0,perfume
才华,486.0,talent
外婆,486.0,grandmother
地震,486.0,earthquake
机票,486.0,air tickets
早饭,486.0,breakfast
情节,485.0,plot
警员,485.0,police officer
死因,484.0,cause of death
武士,484.0,warrior
人体,484.0,human body
屏幕,483.0,screen
指令,483.0,instruction
演唱会,482.0,concert
边缘,482.0,edge
孙子,481.0,grandson
荡妇,480.0,slut
地位,480.0,status
住处,480.0,residence
靴子,480.0,boots
车辆,479.0,vehicle
火鸡,479.0,turkey
同伙,478.0,accomplice
账户,478.0,account
井,478.0,well
图像,478.0,image
股票,477.0,stock
负担,477.0,burden
细胞,476.0,cell
潜力,475.0,potential
行业,475.0,industry
开头,475.0,beginning
外遇,474.0,affair
主持人,473.0,host
沙拉,473.0,salad
举动,473.0,move
鸽子,472.0,pigeon
少女,472.0,girl
戏剧,472.0,drama
保镖,471.0,bodyguard
执照,471.0,license
热线,471.0,hotline
小队,471.0,squad
军人,470.0,soldier
身份证,469.0,id card
财富,468.0,wealth
打算,468.0,intend
政策,468.0,policy
类,468.0,kind
汽油,468.0,gasoline
八卦,468.0,gossip
侄子,467.0,nephew
良心,467.0,conscience
舞步,466.0,dance steps
脱衣舞,465.0,striptease
恤,465.0,shirt
卡片,465.0,card
空军,465.0,air force
后门,464.0,back door
果汁,463.0,juice
报道,463.0,report
毛巾,462.0,towel
尊严,462.0,dignity
未婚夫,462.0,fiancé
营,462.0,camp
义务,461.0,obligation
芯片,461.0,chip
核弹,461.0,nuclear bomb
单位,461.0,unit
收音机,460.0,radio
手铐,460.0,handcuffs
平民,459.0,civilian
论文,459.0,paper
作者,459.0,author
遗嘱,459.0,will
伴侣,458.0,companion
体重,458.0,weight
口味,457.0,taste
舌,457.0,tongue
小朋友,456.0,kid
肿瘤,456.0,tumor
穿着,456.0,wear
名声,455.0,reputation
木头,455.0,wood
连,455.0,even
预算,455.0,budget
气味,455.0,odor
贡献,455.0,contribute
工作室,455.0,studio
余生,454.0,rest of life
图片,454.0,picture
首席,454.0,chief
患者,454.0,patient
阴影,453.0,shadow
影片,453.0,film
高手,453.0,master
界,452.0,boundary
村子,452.0,village
贷款,452.0,loan
滋味,452.0,taste
海洋,452.0,ocean
右手,452.0,right hand
手法,452.0,technique
创伤,451.0,trauma
小屋,450.0,cabin
全家,449.0,whole family
假设,449.0,hypothesis
蝙蝠,449.0,bat
人数,448.0,number of people
浑身,448.0,all over
州长,447.0,governor
安全带,447.0,seat belt
公车,447.0,bus
名片,445.0,business card
商场,444.0,shopping mall
炸药,444.0,dynamite
鸭子,444.0,duck
驾照,444.0,drving license
移民,444.0,migrant
典礼,444.0,ceremony
人才,443.0,talent
巴士,443.0,bus
战术,443.0,tactics
局面,442.0,situation
香烟,441.0,cigarette
浪,441.0,wave
按钮,440.0,button
超市,440.0,supermarket
鸡尾酒,440.0,cocktail
公爵,439.0,duke
带子,439.0,tape
瘾君子,439.0,drug addict
厨师,438.0,chef
田,438.0,field
牢房,438.0,cell
场面,436.0,scene
佛,436.0,buddha
报应,435.0,retribution
脑海,435.0,mind
轿车,434.0,car
植物,434.0,plant
合约,434.0,contract
镇子,434.0,town
官员,433.0,official
时空,432.0,time and space
塑料,432.0,plastic
神经病,432.0,neuropathy
服务员,431.0,waiter
弱点,430.0,weakness
祖父,430.0,grandfather
月亮,429.0,moon
企业,429.0,enterprise
雇员,429.0,employee
家具,429.0,furniture
恶作剧,429.0,mischief
蜜月,429.0,honeymoon
狮子,428.0,lion
高潮,428.0,climax
值,428.0,value
旅途,428.0,journey
信念,427.0,belief
音乐会,427.0,concert
温度,427.0,temperature
盐,427.0,salt
老家伙,427.0,old guy
火焰,427.0,flame
瓶,426.0,bottle
青少年,426.0,teenager
皇家,426.0,royal
市民,426.0,citizen
意味,425.0,mean
故障,425.0,fault
女巫,425.0,witch
金子,425.0,gold
后台,425.0,backstage
伯爵,425.0,count
双方,424.0,both sides
数量,424.0,quantity
舱,424.0,cabin
僵尸,423.0,zombie
牌子,422.0,brand
处女,422.0,virgin
球场,420.0,court
浴缸,420.0,tub
夜总会,418.0,nightclub
候选人,418.0,candidate
棕色,418.0,brown
勇士,418.0,warrior
官方,418.0,official
坟墓,418.0,grave
牙医,418.0,dentisit
计算机,417.0,computer
舰队,417.0,fleet
曲子,417.0,song
背,417.0,back
大象,416.0,elephant
贵族,416.0,noble
晚宴,416.0,dinner
魔力,416.0,magic
爱好,415.0,hobby
锁,415.0,lock
普通人,414.0,ordinary people
因素,414.0,factor
疗法,412.0,therapy
疑问,412.0,doubt
核,412.0,nuclear
条子,411.0,tiaozi
终点,411.0,end
雾,411.0,fog
例子,411.0,example
纳粹,411.0,nazi
会议室,410.0,conference room
董事会,410.0,board of directors
豆,409.0,bean
口香糖,409.0,chewing gum
火炬,409.0,torch
生死,409.0,life and death
花样,409.0,tricks
仆人,408.0,servant
懦夫,407.0,coward
港,407.0,port
大人物,406.0,big shot
大众,406.0,public
土豆,406.0,potato
德克萨斯,405.0,texas
工程,405.0,project
裂缝,405.0,crack
舞伴,404.0,dance partner
翅膀,404.0,wing
掌声,404.0,applause
提议,404.0,proposal
台步,403.0,taibu
奖学金,402.0,scholarship
负责人,402.0,person in charge
年度,401.0,year
丛林,401.0,jungle
列车,401.0,train
听证会,401.0,hearing
实习生,401.0,intern
香肠,400.0,sausage
师傅,400.0,master
线路,400.0,line
纸条,398.0,note
马戏团,397.0,circus
请求,396.0,ask
商人,396.0,merchant
机械,396.0,mechanical
噪音,395.0,noise
笔记本,395.0,notebook
单子,395.0,list
马桶,395.0,toilet
少年,395.0,juvenile
香蕉,395.0,banana
军官,395.0,officer
把戏,394.0,trick
手头,393.0,on hand
蝴蝶,393.0,butterfly
下巴,392.0,jaw
真话,392.0,truth
裁判,392.0,referee
武装,392.0,armed
孤儿,392.0,orphan
影像,391.0,image
羞耻,391.0,shame
总裁,391.0,president
茱,391.0,zhu
口径,391.0,caliber
倾向,390.0,tendency
轨道,390.0,track
尾巴,390.0,tail
帐篷,390.0,tent
视线,390.0,sight
抽屉,389.0,drawer
头绪,389.0,clue
点心,389.0,dessert
剪刀,389.0,scissors
血压,389.0,blood pressure
氧气,389.0,oxygen
箭,389.0,arrow
困境,389.0,dilemma
会员,388.0,member
理想,388.0,ideal
巨人,387.0,giant
马车,387.0,carriage
拖车,387.0,trailer
中学,387.0,middle school
共同点,385.0,common ground
风景,385.0,landscape
海洛因,384.0,heroin
大厦,384.0,building
电视剧,383.0,tv drama
假发,383.0,wig
窝,382.0,nest
服务生,382.0,waiter
地步,382.0,situation
原地,382.0,in situ
电力,382.0,electricity
事务,381.0,affairs
宾馆,381.0,hotel
结尾,380.0,ending
院子,380.0,courtyard
司法,380.0,judicial
客厅,380.0,living room
轮椅,379.0,wheelchair
结构,379.0,structure
新人,379.0,newcomer
谣言,379.0,rumor
鹰,379.0,eagle
十字架,378.0,cross
被害人,378.0,victim
管道,378.0,pipeline
大小,378.0,size
版本,378.0,version
证件,377.0,documents
报酬,377.0,remuneration
动静,377.0,movement
校园,377.0,campus
教室,377.0,classroom
后院,376.0,backyard
代码,375.0,code
能源,375.0,energy
谎话,375.0,lie
大使,374.0,ambassador
胃口,374.0,appetite
上衣,373.0,jacket
人性,373.0,human nature
雪茄,373.0,cigar
童子军,371.0,boy scout
手腕,370.0,wrist
特征,370.0,feature
额,370.0,forehead
实际,369.0,actual
前科,369.0,criminal record
真名,369.0,real name
歌声,368.0,singing
老虎,368.0,tiger
议会,368.0,parliament
蛋蛋,367.0,balls
大火,367.0,fire
咒语,367.0,spell
药品,366.0,drug
念头,366.0,idea
异性,366.0,opposite sex
游艇,366.0,yacht
小鬼,365.0,imp
逻辑,365.0,logic
肥皂,364.0,soap
圈套,364.0,trap
酒鬼,364.0,drunkard
物理,364.0,physics
遗产,364.0,heritage
派,363.0,group
小时候,363.0,childhood
姓,363.0,surname
薯条,363.0,fries
毯子,363.0,blanket
感应,362.0,induction
预感,362.0,premonition
回合,362.0,round
人格,362.0,personality
前夫,362.0,ex-husband
账单,361.0,bill
用品,361.0,supplies
罐子,361.0,jar
车牌,360.0,license plate
思维,360.0,thinking
帮手,360.0,helper
质量,360.0,quality
头盔,360.0,helmet
心理学,359.0,psychology
教会,358.0,church
真理,358.0,truth
级别,358.0,level
马路,358.0,road
赛季,357.0,season
情景,357.0,scene
病情,357.0,illness
毒药,356.0,poison
学期,356.0,semester
概念,356.0,concept
收获,355.0,harvest
岩石,355.0,rock
选票,355.0,vote
学位,354.0,bachelor of science
宾,354.0,bin
船员,354.0,crew
嫌疑,354.0,suspect
光明,353.0,bright
星系,353.0,galaxy
泳池,353.0,swimming pool
证物,352.0,exhibit
意愿,352.0,willingness
元首,352.0,head of state
睡衣,352.0,pajamas
扳机,351.0,trigger
刀子,351.0,knife
娘娘腔,350.0,sissy
枪支,350.0,firearms
人间,350.0,world
嗓音,349.0,voice
民众,349.0,people
誓言,349.0,oath
款,349.0,payment
招,348.0,trick
蔬菜,348.0,vegetable
左手,347.0,left hand
拳头,347.0,fist
语气,347.0,tone
象征,346.0,symbol
成果,346.0,achievements
难度,346.0,difficulty
手术室,346.0,operating room
设施,346.0,facility
行星,346.0,planet
赌注,346.0,bet
秩序,345.0,order
形状,345.0,shape
先知,345.0,prophet
男士,345.0,men
猎人,345.0,hunter
傻事,344.0,stupid thing
短裤,344.0,shorts
本能,343.0,instinct
胶,343.0,glue
组合,343.0,combination
门票,343.0,tickets
发明,343.0,invention
卫生间,342.0,bathroom
中校,342.0,lieutenant colonel
军方,342.0,military
影子,342.0,shadow
坑,342.0,pit
成分,342.0,element
别墅,341.0,villa
网球,341.0,tennis
买家,340.0,buyer
国土,340.0,land
诺言,340.0,promise
大叔,340.0,uncle
粉,340.0,pink
笼子,340.0,cage
扑克,339.0,poker
火星,339.0,mars
臀部,339.0,buttocks
狙击手,339.0,sniper
青蛙,339.0,frog
像,339.0,picture
小学,339.0,primary school
来信,339.0,letter
元素,339.0,element
房屋,338.0,houses
税,338.0,tax
蜜,338.0,honey
底线,338.0,bottom line
阁楼,337.0,attic
主教,337.0,bishop
法案,337.0,bill
村庄,337.0,village
眼光,336.0,vision
标签,336.0,label
宿舍,336.0,dormitory
细菌,336.0,bacteria
仪器,336.0,instrument
表格,336.0,sheet
客房,336.0,guest room
队友,336.0,teammate
毛衣,335.0,sweater
棕榈,335.0,palm
星际,335.0,interstellar
急诊室,335.0,emergency room
低调,335.0,low profile
坦克,334.0,tank
婚纱,334.0,wedding dress
缝,334.0,seam
首相,334.0,prime minister
死神,333.0,grim reaper
金色,333.0,gold
旗,332.0,flag
管理员,332.0,administrator
大战,332.0,war
王国,332.0,kingdom
符号,332.0,symbol
肾,331.0,kidney
见证,331.0,witness
公子,330.0,young master
纤维,330.0,fiber
奖品,330.0,prize
尿布,330.0,diaper
梦幻,330.0,dream
刹车,330.0,brake
下落,329.0,whereabouts
见识,329.0,experience
柜子,329.0,cabinet
心思,329.0,thought
高度,328.0,high
需求,328.0,need
信封,328.0,envelope
终身,328.0,lifelong
墓地,328.0,cemetery
福利,327.0,welfare
比,327.0,compare
畜生,327.0,brute
宝藏,327.0,treasure
雕像,326.0,statue
病房,326.0,ward
财务,325.0,finance
主妇,325.0,housewife
局势,325.0,situation
军士,325.0,sergeant
怪胎,325.0,freak
大衣,325.0,coat
菜单,325.0,menu
业务,325.0,business
顺序,325.0,order
葡萄酒,324.0,wine
模样,324.0,appearance
柠檬,324.0,lemon
峡谷,324.0,canyon
肉体,324.0,flesh
频率,323.0,frequency
收据,323.0,receipt
枪声,323.0,gunfire
肝脏,323.0,liver
青年,323.0,youth
含义,323.0,meaning
大便,322.0,defecate
筹码,322.0,chips
徽章,321.0,badge
骗局,321.0,scam
社,321.0,society
动物园,321.0,zoo
安全感,321.0,sense of security
强盗,320.0,robber
圈子,320.0,circle
工程师,320.0,engineer
桃,319.0,peach
草莓,319.0,strawberry
大陆,319.0,mainland
燃料,319.0,fuel
神话,319.0,myth
天下,318.0,world
脚趾,318.0,toe
流浪汉,318.0,tramp
大块头,318.0,big guy
份子,317.0,element
待遇,317.0,treatment
语音,317.0,voice
血统,316.0,bloodline
曲,316.0,song
锅,316.0,pot
钞票,316.0,banknote
血管,316.0,blood vessel
姨妈,316.0,aunt
传言,315.0,rumor
小鸟,315.0,birdie
核心,314.0,core
好日子,314.0,good days
气色,314.0,complexion
虾,314.0,shrimp
脸色,314.0,face
电源,314.0,power supply
琴,314.0,piano
文字,313.0,word
新郎,313.0,bridegroom
法子,312.0,method
童话,312.0,fairy tale
谜,312.0,puzzle
诗人,312.0,poet
装饰,312.0,decorate
鲜血,312.0,blood
数目,312.0,number
保龄球,312.0,bowling
亚伦,312.0,aaron
职员,312.0,staff
家园,312.0,home
电视机,311.0,tv set
意图,311.0,intention
月球,311.0,moon
丫头,311.0,girl
姑妈,311.0,aunt
下场,310.0,end
行踪,310.0,whereabouts
手下,310.0,subordinates
吸引力,310.0,attraction
本质,310.0,nature
乳房,310.0,breast
伤痕,310.0,scars
光线,310.0,light
偏见,310.0,bias
麻,310.0,numb
阴道,309.0,vaginal
麦克风,309.0,microphone
老二,309.0,second child
焦点,308.0,focus
战略,308.0,strategy
环,308.0,ring
季节,308.0,season
水管,308.0,water pipe
弟兄,308.0,brother
水晶,307.0,crystal
编剧,307.0,screenwriter
手脚,307.0,hands and feet
肩,307.0,shoulder
手册,306.0,manual
外国,306.0,foreign
管家,306.0,housekeeper
脉搏,306.0,pulse
剧场,306.0,theater
衬衣,306.0,shirt
出路,305.0,way out
定义,305.0,definition
花生,305.0,peanut
嘉宾,305.0,guest
紫色,305.0,purple
死人,304.0,dead
头骨,304.0,skull
魂,304.0,soul
纪念日,304.0,anniversary
动脉,304.0,artery
瓜,304.0,melon
仇恨,304.0,hatred
艺术品,303.0,artwork
形势,302.0,situation
终极,302.0,ultimate
山羊,302.0,goat
软件,301.0,software
真人,301.0,real person
胸口,301.0,chest
青春,300.0,youth
相片,300.0,photo
枪手,300.0,shooter
共和党,300.0,republican party
会计,300.0,accounting
零件,300.0,component
南瓜,300.0,pumpkin
勋章,300.0,medal
背包,299.0,backpack
道具,299.0,props
宪法,299.0,constitution
水手,298.0,sailor
雷达,298.0,radar
极限,298.0,limit
面子,298.0,face
胆,298.0,courage
气球,298.0,balloon
煎饼,298.0,pancakes
工业,298.0,industry
基督,297.0,christ
桶,297.0,bucket
人家,297.0,people
耻辱,297.0,shame
耳环,297.0,earrings
港口,297.0,port
电线,296.0,electric wire
信件,296.0,letter
本性,296.0,nature
豆子,296.0,beans
男孩子,295.0,boy
面条,295.0,noodle
画家,295.0,painter
草坪,295.0,lawn
行程,295.0,journey
甲,295.0,first
古董,295.0,antique
性生活,294.0,sex life
穷人,294.0,poor
基金会,294.0,foundation
体力,294.0,physical strength
商,294.0,business
财宝,293.0,treasure
情侣,293.0,couple
气体,292.0,gas
城镇,292.0,town
知觉,292.0,perception
冰激凌,292.0,ice cream
苍蝇,291.0,fly
灰色,291.0,grey
大腿,291.0,thigh
下水道,291.0,sewer
信箱,291.0,mailbox
精子,291.0,sperm
面孔,290.0,face
好友,290.0,friends
通行证,290.0,pass
辩护律师,290.0,defense lawyer
烤肉,290.0,bbq
黄油,290.0,butter
单词,289.0,word
球迷,289.0,fan
缺点,289.0,shortcoming
爱河,288.0,love river
物体,288.0,object
头衔,288.0,title
集体,288.0,collective
极端,288.0,extreme
房地产,288.0,real estate
狐狸,288.0,fox
洋葱,288.0,onion
激光,288.0,laser
途径,288.0,way
姐,287.0,sister
高跟鞋,287.0,high heel
脚踝,287.0,ankle
加油站,287.0,gas station
丑闻,287.0,scandal
硬盘,287.0,harddisk
得分,287.0,score
精英,286.0,elite
警徽,286.0,police badge
画廊,286.0,gallery
身子,286.0,body
遭遇,286.0,encounter
芭蕾,286.0,ballet
口信,286.0,oral message
监视器,286.0,monitor
乳头,286.0,nipple
技能,286.0,skill
男女,285.0,men and women
急事,285.0,urgent matter
架子,285.0,shelf
寡妇,285.0,widow
化妆品,285.0,cosmetic
目光,285.0,look
现代舞,285.0,modern dance
甲板,285.0,deck
举止,285.0,manner
首都,284.0,capital
决心,284.0,determination
医学院,284.0,medical school
名誉,284.0,reputation
笔记,284.0,notes
服务器,283.0,server
精神病院,283.0,mental hospital
路障,283.0,roadblock
挑战赛,283.0,challenge
生理,283.0,physiological
容器,283.0,container
靓,283.0,pretty
空白,282.0,blank
窃听器,282.0,bug
陆战队,282.0,marine corps
音乐剧,282.0,musical
皮带,281.0,belt
伤疤,281.0,scar
系列,281.0,series
军团,280.0,legion
嗷,280.0,ouch
场所,280.0,place
祖国,280.0,motherland
公事,280.0,official business
猎物,279.0,prey
县,279.0,county
典型,279.0,typical
海报,279.0,poster
常规,278.0,conventional
热,278.0,hot
长相,278.0,appearance
过错,278.0,fault
表弟,277.0,cousin
恶棍,277.0,douchebag
预言,277.0,prophecy
高层,277.0,high-rise
床单,276.0,sheet
团伙,276.0,gang
摄影机,276.0,camera
蠢事,276.0,stupid thing
陪审员,276.0,juror
文学,276.0,literature
学费,275.0,tuition fee
面部,275.0,face
火花,274.0,spark
债,274.0,debt
目的地,273.0,destination
情报局,273.0,intelligence bureau
龙虾,273.0,lobster
坐标,273.0,coordinate
彩虹,273.0,rainbow
功课,273.0,homework
榜样,273.0,example
肤色,273.0,color
苏打,273.0,soda
日程,273.0,schedule
巨星,272.0,superstar
条款,272.0,terms
制度,272.0,system
气息,272.0,breath
几率,271.0,probability
救世主,271.0,savior
健身房,271.0,gym
侄女,271.0,niece
谋杀罪,271.0,murder
海底,271.0,seabed
房产,271.0,real estate
乐园,270.0,paradise
场地,269.0,site
恐龙,269.0,dinosaur
棍子,269.0,stick
魔术师,269.0,magician
阴茎,269.0,penis
液体,269.0,liquid
处方,269.0,prescription
炮,269.0,gun
特权,269.0,privilege
势力,268.0,power
管子,268.0,tube
老家,268.0,hometown
住所,268.0,residence
才能,268.0,talent
曲棍球,267.0,hockey
沙子,267.0,sand
锤子,267.0,hammer
干酪,267.0,cottage cheese
资产,267.0,assets
杰作,266.0,masterpiece
套房,266.0,suite
富翁,266.0,rich man
飓风,266.0,hurricane
饥饿,266.0,hunger
导师,266.0,tutor
病例,266.0,cases
征兆,266.0,sign
阳台,265.0,balcony
牛仔裤,265.0,jeans
财政,265.0,financial
火山,265.0,volcano
上级,265.0,superior
逃犯,265.0,fugitive
心意,265.0,mind
缺陷,264.0,defect
火腿,264.0,ham
差别,264.0,difference
冰块,264.0,ice cubes
火力,264.0,firepower
使者,264.0,messenger
老太太,263.0,old lady
部位,263.0,parts
称呼,263.0,call
言论,263.0,speech
凤凰,263.0,phoenix
简历,263.0,cv
好戏,263.0,good show
贱货,263.0,bitch
门锁,263.0,door lock
赎金,263.0,ransom
身高,263.0,height
利润,263.0,profit
小伙,263.0,young man
后背,263.0,back
零钱,262.0,small change
收视率,262.0,ratings
爹,262.0,father
副作用,262.0,side effect
发音,262.0,pronounce
窗帘,262.0,curtain
同情心,262.0,compassion
脂肪,262.0,fat
磁带,261.0,tape
综合症,261.0,syndrome
重量,261.0,weight
瘾,261.0,addiction
咖啡店,261.0,coffee shop
烟雾,261.0,smoke
布丁,261.0,pudding
凶杀案,260.0,homicide
睾丸,260.0,testis
前提,260.0,premise
参赛者,260.0,contestants
岗位,260.0,post
正事,260.0,business
妖,260.0,demon
木偶,260.0,puppet
信徒,260.0,believer
疤,260.0,scar
诡计,260.0,trick
飙,259.0,soar
生化,259.0,biochemistry
商品,259.0,commodity
滑板,259.0,skateboard
债务,259.0,debt
余地,259.0,room
片段,259.0,fragment
钩,259.0,hook
私事,258.0,private matters
洞穴,258.0,cave
不幸,258.0,unlucky
书店,258.0,bookstore
摩托,258.0,motorcycle
口供,257.0,oral confession
首领,257.0,leader
台阶,257.0,steps
民族,257.0,nationality
听众,257.0,audience
性关系,257.0,sexual relations
脚步,256.0,pace
铃声,256.0,ring
光芒,256.0,light
肋骨,256.0,rib cage
弹药,256.0,ammunition
幽默感,256.0,sense of humor
麦片,256.0,oatmeal
难关,256.0,difficulties
爆米花,255.0,popcorn
粉色,255.0,pink
辣椒,255.0,chili
大地,254.0,earth
野餐,254.0,picnic
说唱,254.0,rap
契约,254.0,contract
因果,254.0,cause and effect
尺寸,253.0,size
鹅,252.0,goose
膜,252.0,membrane
柯,252.0,ke
美梦,252.0,sweet dream
前门,252.0,front door
奖杯,252.0,trophy
胸罩,251.0,bra
优点,251.0,advantage
老鹰,251.0,eagle
好意,251.0,kindness
记号,251.0,mark
诱饵,251.0,bait
莓,251.0,raspberry
是非,251.0,right and wrong
人心,251.0,people's hearts
空调,251.0,air conditioner
真心,251.0,sincere
特警,250.0,swat
彩票,250.0,lottery
海湾,250.0,bay
照相机,250.0,camera
垃圾桶,250.0,garbage can
体温,250.0,body temperature
笑声,250.0,laughter
家属,249.0,family members
祸,249.0,disaster
键,249.0,key
汽水,249.0,soda
禽兽,249.0,beast
读者,249.0,reader
豆腐,249.0,tofu
会长,249.0,president
色,249.0,color
钟头,249.0,hour
云,249.0,cloud
蚂蚁,248.0,ant
舅舅,248.0,uncle
歌剧,248.0,opera
分数,248.0,fraction
配方,248.0,formula
传真,248.0,fax
功,247.0,achievement
烂摊子,247.0,mess
罪案,247.0,crime
樱桃,247.0,cherry
鲜花,246.0,flowers
基督徒,246.0,christian
宝石,246.0,gem
企鹅,246.0,penguin
探戈,246.0,tango
圣母,246.0,our lady
传单,246.0,flyers
皇帝,245.0,emperor
农民,245.0,farmer
口红,245.0,lipstick
缘故,244.0,reason
大学生,244.0,college students
铅笔,244.0,pencil
志愿者,244.0,volunteer
毒素,244.0,toxin
镇静剂,244.0,sedative
代号,244.0,code name
后座,243.0,back seat
老头子,243.0,old man
鳄鱼,243.0,crocodile
章,243.0,chapter
铁路,243.0,railway
巫婆,242.0,witch
陆军,242.0,army
计程车,242.0,taxi
房东,241.0,landlord
方位,241.0,position
月光,241.0,moonlight
往事,241.0,past
脚印,241.0,footprint
纪念品,241.0,souvenir
害,241.0,harmful
松鼠,241.0,squirrel
侏儒,240.0,dwarf
衣柜,240.0,wardrobe
恩怨,240.0,resentment
法则,240.0,law
实情,240.0,the truth
视觉,240.0,vision
众人,240.0,everyone
肝,240.0,liver
腰带,240.0,belt
男子汉,240.0,man
哲学,240.0,philosophy
剂量,240.0,dose
功劳,240.0,credit
绰号,239.0,nickname
美金,239.0,us dollars
伴娘,239.0,bridesmaid
当局,239.0,authorities
可乐,239.0,cola
行政,238.0,administrative
红灯,238.0,red light
摇滚乐,238.0,rock music
熟人,238.0,acquaintance
葡萄,238.0,grape
原告,238.0,plaintiff
柜台,237.0,counter
货物,237.0,goods
传闻,237.0,rumor
会,237.0,meeting
瘟疫,237.0,plague
衣橱,237.0,wardrobe
高尔夫球,237.0,golf
氧,237.0,oxygen
猪头,237.0,pig head
战役,237.0,battle
机关,237.0,organ
体育馆,237.0,stadium
牧场,236.0,pasture
墙壁,236.0,wall
梯子,236.0,ladder
肾上腺,236.0,adrenal gland
猪肉,236.0,pork
龙卷风,236.0,tornado
味儿,236.0,taste
作风,236.0,style
更衣室,235.0,locker room
火车站,235.0,train station
小品,235.0,sketch
游客,235.0,tourists
漏洞,234.0,loopholes
眉毛,234.0,eyebrow
天花板,234.0,ceiling
爹地,234.0,daddy
智商,234.0,iq
脸部,233.0,face
油漆,233.0,paint
世人,233.0,worldly people
乌龟,233.0,turtle
族人,233.0,clansman
上士,233.0,sergeant
天分,233.0,talent
环保,232.0,environmental friendly
传票,232.0,summons
贝卡,232.0,becca
女仆,232.0,maid
申请,232.0,apply
政客,231.0,politician
国民,231.0,national
监护权,231.0,custody
高速公路,231.0,highway
电影院,231.0,cinema
鸟儿,231.0,birds
新生,231.0,newborn
脏话,230.0,bad language
发布会,230.0,press conference
后援,230.0,backup
步枪,230.0,rifle
特色,230.0,feature
家门,230.0,door
妓,230.0,prostitute
山谷,230.0,valley
圣人,229.0,saint
劫匪,229.0,robber
地带,229.0,zone
小弟,229.0,little brother
休息室,229.0,lounge
蟑螂,229.0,cockroach
骆驼,229.0,camel
深度,228.0,depth
兽医,228.0,veterinary
过失,228.0,fault
特点,227.0,features
图案,227.0,pattern
伞,227.0,umbrella
吗啡,227.0,morphine
卡通,226.0,cartoon
警车,226.0,police car
后代,226.0,descendants
清洁工,226.0,cleaner
纪律,226.0,discipline
羽毛,226.0,feather
汉堡包,226.0,hamburger
王后,226.0,queen
罪过,226.0,sin
赏金,226.0,bounty
条例,225.0,regulations
演播室,225.0,studio
胡萝卜,225.0,carrot
权限,225.0,permissions
色彩,225.0,color
陨石,225.0,meteorite
劲儿,225.0,jiner
性行为,224.0,sexual behavior
眉,224.0,eyebrow
围巾,224.0,scarf
蘑菇,224.0,mushroom
车厢,224.0,car
壁橱,224.0,closet
薄饼,224.0,pizza
酒馆,224.0,tavern
姑姑,224.0,aunt
警监,224.0,superintendent
木乃伊,224.0,mummy
车道,224.0,lane
战利品,224.0,loot
想象力,223.0,imagination
疫苗,223.0,vaccine
悬崖,223.0,cliff
同胞,223.0,compatriots
境地,223.0,situation
胶带,223.0,adhesive tape
心扉,223.0,open heart
橡胶,222.0,rubber
恋人,222.0,lovers
仙女,222.0,fairy
胆量,222.0,courage
精液,222.0,semen
沼泽,222.0,swamp
通告,222.0,notice
祖先,221.0,ancestor
大餐,221.0,dinner
案例,221.0,case
规律,221.0,law
珍珠,221.0,pearl
讯息,221.0,message
中间人,221.0,middleman
热水,221.0,hot water
乐器,221.0,musical instrument
法学院,221.0,law school
骨灰,221.0,ashes
含量,221.0,content
糖尿病,220.0,diabetes
野马,220.0,mustang
胎儿,220.0,fetus
孤儿院,220.0,orphanage
证明,220.0,prove
言语,220.0,speech
癫痫,220.0,epilepsy
外界,219.0,outside world
修道院,219.0,monastery
友情,219.0,friendship
级,219.0,class
性别,219.0,gender
拇指,219.0,thumb
理性,219.0,reason
外交,218.0,diplomatic
准则,218.0,criteria
事态,218.0,situation
效应,218.0,effect
避孕套,218.0,condom
烟草,218.0,tobacco
芭蕾舞,217.0,ballet
庄园,217.0,manor
坏话,217.0,bad words
伴郎,217.0,best man
